time_key,open,high,low,close,volume
2021-03-15 06:00:00,26.07,26.12,26.03,26.08,151
2021-03-15 06:01:00,26.09,26.115,26.07,26.1,51
2021-03-15 06:02:00,26.11,26.13,26.105,26.115,44
2021-03-15 06:03:00,26.115,26.115,26.1,26.105,19
2021-03-15 06:04:00,26.1,26.1,26.045,26.075,106
2021-03-15 06:05:00,26.065,26.07,26.035,26.035,42
2021-03-15 06:06:00,26.03,26.035,26.0,26.02,38
2021-03-15 06:07:00,26.025,26.025,26.015,26.015,13
2021-03-15 06:08:00,26.015,26.025,26.015,26.02,14
2021-03-15 06:09:00,26.025,26.045,26.02,26.04,48
2021-03-15 06:10:00,26.05,26.05,26.04,26.045,17
2021-03-15 06:11:00,26.045,26.045,26.03,26.035,26
2021-03-15 06:12:00,26.03,26.04,26.03,26.04,8
2021-03-15 06:13:00,26.045,26.065,26.045,26.06,19
2021-03-15 06:14:00,26.06,26.065,26.06,26.06,10
2021-03-15 06:15:00,26.055,26.065,26.055,26.06,4
2021-03-15 06:16:00,26.07,26.08,26.07,26.08,5
2021-03-15 06:17:00,26.075,26.09,26.075,26.08,15
2021-03-15 06:18:00,26.075,26.085,26.075,26.085,8
2021-03-15 06:19:00,26.09,26.09,26.08,26.085,4
2021-03-15 06:20:00,26.075,26.085,26.075,26.085,10
2021-03-15 06:21:00,26.09,26.09,26.085,26.085,7
2021-03-15 06:22:00,26.08,26.085,26.08,26.08,13
2021-03-15 06:23:00,26.08,26.085,26.08,26.085,29
2021-03-15 06:24:00,26.08,26.08,26.04,26.04,20
2021-03-15 06:25:00,26.045,26.065,26.04,26.065,12
2021-03-15 06:26:00,26.065,26.065,26.045,26.05,8
2021-03-15 06:27:00,26.055,26.07,26.055,26.07,18
2021-03-15 06:30:00,26.075,26.09,26.075,26.09,14
2021-03-15 06:31:00,26.09,26.09,26.08,26.08,8
2021-03-15 06:32:00,26.08,26.08,26.07,26.07,5
2021-03-15 06:33:00,26.075,26.075,26.07,26.07,6
2021-03-15 06:34:00,26.07,26.075,26.07,26.075,2
2021-03-15 06:35:00,26.08,26.095,26.08,26.095,9
2021-03-15 06:36:00,26.09,26.105,26.09,26.105,7
2021-03-15 06:37:00,26.105,26.125,26.105,26.105,25
2021-03-15 06:38:00,26.1,26.1,26.09,26.095,5
2021-03-15 06:39:00,26.09,26.09,26.085,26.085,8
2021-03-15 06:40:00,26.095,26.095,26.095,26.095,2
2021-03-15 06:41:00,26.1,26.1,26.1,26.1,1
2021-03-15 06:42:00,26.1,26.105,26.085,26.085,10
2021-03-15 06:43:00,26.09,26.09,26.09,26.09,1
2021-03-15 06:44:00,26.105,26.105,26.105,26.105,1
2021-03-15 06:45:00,26.095,26.1,26.09,26.1,13
2021-03-15 06:46:00,26.105,26.105,26.105,26.105,3
2021-03-15 06:47:00,26.11,26.115,26.1,26.11,7
2021-03-15 06:48:00,26.11,26.11,26.105,26.105,6
2021-03-15 06:49:00,26.1,26.1,26.09,26.09,6
2021-03-15 06:50:00,26.09,26.095,26.08,26.08,6
2021-03-15 06:51:00,26.085,26.09,26.085,26.09,5
2021-03-15 06:52:00,26.09,26.1,26.09,26.1,3
2021-03-15 06:53:00,26.095,26.095,26.09,26.095,6
2021-03-15 06:54:00,26.1,26.1,26.1,26.1,1
2021-03-15 06:55:00,26.095,26.11,26.095,26.11,13
2021-03-15 06:56:00,26.115,26.135,26.115,26.125,31
2021-03-15 06:57:00,26.135,26.135,26.12,26.125,17
2021-03-15 06:58:00,26.13,26.13,26.12,26.12,17
2021-03-15 06:59:00,26.125,26.125,26.11,26.11,17
2021-03-15 07:00:00,26.12,26.12,26.1,26.1,12
2021-03-15 07:01:00,26.1,26.1,26.1,26.1,21
2021-03-15 07:02:00,26.105,26.105,26.1,26.1,4
2021-03-15 07:03:00,26.1,26.115,26.1,26.1,18
2021-03-15 07:04:00,26.11,26.11,26.09,26.09,16
2021-03-15 07:05:00,26.09,26.1,26.08,26.1,21
2021-03-15 07:06:00,26.1,26.1,26.1,26.1,5
2021-03-15 07:07:00,26.095,26.1,26.095,26.1,5
2021-03-15 07:08:00,26.11,26.11,26.1,26.11,16
2021-03-15 07:09:00,26.1,26.105,26.1,26.105,4
2021-03-15 07:10:00,26.105,26.13,26.1,26.125,22
2021-03-15 07:11:00,26.12,26.135,26.12,26.13,24
2021-03-15 07:12:00,26.125,26.14,26.125,26.125,43
2021-03-15 07:13:00,26.135,26.155,26.135,26.145,30
2021-03-15 07:14:00,26.14,26.15,26.13,26.13,38
2021-03-15 07:15:00,26.135,26.135,26.13,26.135,7
2021-03-15 07:16:00,26.14,26.14,26.14,26.14,5
2021-03-15 07:17:00,26.135,26.135,26.135,26.135,7
2021-03-15 07:18:00,26.14,26.14,26.12,26.125,13
2021-03-15 07:19:00,26.12,26.12,26.1,26.105,15
2021-03-15 07:20:00,26.1,26.115,26.1,26.11,47
2021-03-15 07:21:00,26.11,26.115,26.11,26.115,5
2021-03-15 07:22:00,26.115,26.115,26.1,26.105,9
2021-03-15 07:23:00,26.11,26.125,26.11,26.125,8
2021-03-15 07:24:00,26.125,26.13,26.125,26.13,8
2021-03-15 07:25:00,26.125,26.125,26.12,26.12,9
2021-03-15 07:26:00,26.11,26.115,26.11,26.115,10
2021-03-15 07:27:00,26.11,26.12,26.105,26.12,14
2021-03-15 07:28:00,26.11,26.11,26.105,26.105,9
2021-03-15 07:29:00,26.1,26.1,26.07,26.09,19
2021-03-15 07:30:00,26.095,26.1,26.085,26.085,6
2021-03-15 07:31:00,26.1,26.1,26.1,26.1,3
2021-03-15 07:32:00,26.09,26.095,26.085,26.085,8
2021-03-15 07:33:00,26.085,26.085,26.085,26.085,1
2021-03-15 07:34:00,26.09,26.095,26.085,26.09,19
2021-03-15 07:35:00,26.09,26.09,26.08,26.08,11
2021-03-15 07:36:00,26.075,26.075,26.065,26.07,25
2021-03-15 07:37:00,26.075,26.08,26.075,26.08,6
2021-03-15 07:38:00,26.085,26.085,26.055,26.055,23
2021-03-15 07:39:00,26.05,26.075,26.04,26.075,38
2021-03-15 07:40:00,26.07,26.07,26.065,26.065,3
2021-03-15 07:41:00,26.07,26.075,26.07,26.07,11
2021-03-15 07:42:00,26.075,26.075,26.075,26.075,1
2021-03-15 07:43:00,26.075,26.075,26.065,26.065,15
2021-03-15 07:44:00,26.07,26.07,26.06,26.06,7
2021-03-15 07:45:00,26.055,26.06,26.055,26.055,17
2021-03-15 07:46:00,26.055,26.055,26.035,26.05,36
2021-03-15 07:47:00,26.05,26.055,26.05,26.05,8
2021-03-15 07:48:00,26.045,26.055,26.04,26.05,20
2021-03-15 07:49:00,26.05,26.055,26.05,26.055,7
2021-03-15 07:50:00,26.06,26.065,26.06,26.065,15
2021-03-15 07:51:00,26.065,26.065,26.055,26.055,11
2021-03-15 07:52:00,26.05,26.06,26.05,26.055,4
2021-03-15 07:53:00,26.055,26.055,26.05,26.05,10
2021-03-15 07:54:00,26.06,26.065,26.06,26.06,7
2021-03-15 07:55:00,26.055,26.055,26.05,26.05,2
2021-03-15 07:56:00,26.04,26.04,26.04,26.04,3
2021-03-15 07:57:00,26.045,26.05,26.045,26.05,5
2021-03-15 07:58:00,26.045,26.055,26.045,26.055,8
2021-03-15 07:59:00,26.06,26.06,26.055,26.055,5
2021-03-15 08:00:00,26.055,26.06,26.045,26.055,10
2021-03-15 08:01:00,26.055,26.06,26.055,26.055,7
2021-03-15 08:02:00,26.06,26.07,26.06,26.07,10
2021-03-15 08:03:00,26.07,26.075,26.07,26.07,10
2021-03-15 08:04:00,26.065,26.065,26.055,26.055,20
2021-03-15 08:05:00,26.06,26.075,26.06,26.075,33
2021-03-15 08:06:00,26.075,26.08,26.07,26.07,24
2021-03-15 08:07:00,26.07,26.07,26.06,26.06,27
2021-03-15 08:08:00,26.065,26.07,26.06,26.06,18
2021-03-15 08:09:00,26.06,26.065,26.055,26.055,21
2021-03-15 08:10:00,26.055,26.065,26.055,26.065,14
2021-03-15 08:11:00,26.065,26.065,26.06,26.06,2
2021-03-15 08:12:00,26.065,26.075,26.065,26.065,10
2021-03-15 08:13:00,26.06,26.06,26.05,26.05,8
2021-03-15 08:14:00,26.05,26.05,26.04,26.045,11
2021-03-15 08:15:00,26.04,26.055,26.04,26.045,26
2021-03-15 08:16:00,26.05,26.06,26.05,26.055,11
2021-03-15 08:17:00,26.055,26.055,26.045,26.05,24
2021-03-15 08:18:00,26.06,26.065,26.05,26.065,39
2021-03-15 08:19:00,26.065,26.075,26.055,26.065,18
2021-03-15 08:20:00,26.07,26.075,26.06,26.06,16
2021-03-15 08:21:00,26.06,26.06,26.05,26.055,18
2021-03-15 08:22:00,26.05,26.055,26.05,26.055,7
2021-03-15 08:23:00,26.06,26.06,26.06,26.06,6
2021-03-15 08:25:00,26.065,26.07,26.065,26.07,8
2021-03-15 08:26:00,26.07,26.07,26.06,26.06,14
2021-03-15 08:27:00,26.06,26.065,26.06,26.065,6
2021-03-15 08:28:00,26.065,26.07,26.065,26.07,2
2021-03-15 08:29:00,26.07,26.07,26.07,26.07,4
2021-03-15 08:30:00,26.065,26.065,26.065,26.065,3
2021-03-15 08:31:00,26.07,26.07,26.055,26.055,14
2021-03-15 08:32:00,26.065,26.08,26.065,26.08,16
2021-03-15 08:33:00,26.08,26.085,26.07,26.07,8
2021-03-15 08:34:00,26.075,26.085,26.07,26.085,9
2021-03-15 08:35:00,26.09,26.09,26.065,26.065,8
2021-03-15 08:36:00,26.06,26.065,26.045,26.045,12
2021-03-15 08:37:00,26.05,26.05,26.05,26.05,7
2021-03-15 08:38:00,26.045,26.055,26.045,26.055,6
2021-03-15 08:39:00,26.055,26.055,26.055,26.055,1
2021-03-15 08:40:00,26.06,26.06,26.055,26.06,12
2021-03-15 08:41:00,26.065,26.065,26.065,26.065,5
2021-03-15 08:42:00,26.06,26.06,26.055,26.055,5
2021-03-15 08:43:00,26.06,26.075,26.06,26.07,17
2021-03-15 08:44:00,26.065,26.065,26.065,26.065,2
2021-03-15 08:45:00,26.06,26.06,26.06,26.06,1
2021-03-15 08:46:00,26.06,26.06,26.055,26.06,5
2021-03-15 08:47:00,26.06,26.06,26.045,26.045,11
2021-03-15 08:48:00,26.045,26.045,26.045,26.045,5
2021-03-15 08:49:00,26.04,26.05,26.04,26.05,5
2021-03-15 08:50:00,26.05,26.05,26.05,26.05,2
2021-03-15 08:51:00,26.045,26.045,26.04,26.04,13
2021-03-15 08:52:00,26.04,26.045,26.04,26.045,7
2021-03-15 08:53:00,26.045,26.045,26.045,26.045,7
2021-03-15 08:54:00,26.045,26.045,26.02,26.02,53
2021-03-15 08:55:00,26.025,26.025,26.015,26.015,6
2021-03-15 08:56:00,26.02,26.025,26.02,26.025,11
2021-03-15 08:57:00,26.03,26.03,26.02,26.025,11
2021-03-15 08:58:00,26.025,26.03,26.025,26.03,14
2021-03-15 08:59:00,26.035,26.045,26.03,26.035,26
2021-03-15 09:00:00,26.04,26.07,25.98,26.07,475
2021-03-15 09:01:00,26.075,26.105,26.045,26.08,172
2021-03-15 09:02:00,26.08,26.095,26.07,26.075,68
2021-03-15 09:03:00,26.075,26.11,26.075,26.105,54
2021-03-15 09:04:00,26.11,26.125,26.1,26.115,54
2021-03-15 09:05:00,26.125,26.125,26.105,26.115,39
2021-03-15 09:06:00,26.125,26.14,26.12,26.135,57
2021-03-15 09:07:00,26.135,26.17,26.135,26.165,142
2021-03-15 09:08:00,26.165,26.225,26.16,26.2,228
2021-03-15 09:09:00,26.205,26.205,26.16,26.18,114
2021-03-15 09:10:00,26.185,26.185,26.175,26.18,21
2021-03-15 09:11:00,26.19,26.19,26.165,26.17,34
2021-03-15 09:12:00,26.17,26.185,26.17,26.18,33
2021-03-15 09:13:00,26.185,26.2,26.175,26.185,26
2021-03-15 09:14:00,26.2,26.21,26.19,26.2,44
2021-03-15 09:15:00,26.215,26.22,26.19,26.19,62
2021-03-15 09:16:00,26.19,26.195,26.185,26.19,28
2021-03-15 09:17:00,26.195,26.195,26.175,26.185,52
2021-03-15 09:18:00,26.19,26.19,26.18,26.185,29
2021-03-15 09:19:00,26.19,26.195,26.165,26.175,99
2021-03-15 09:20:00,26.175,26.185,26.17,26.175,18
2021-03-15 09:21:00,26.175,26.18,26.165,26.17,12
2021-03-15 09:22:00,26.17,26.18,26.16,26.18,44
2021-03-15 09:23:00,26.175,26.18,26.165,26.18,16
2021-03-15 09:24:00,26.185,26.22,26.185,26.21,57
2021-03-15 09:25:00,26.215,26.255,26.215,26.25,150
2021-03-15 09:26:00,26.25,26.265,26.245,26.255,72
2021-03-15 09:27:00,26.255,26.255,26.235,26.25,106
2021-03-15 09:28:00,26.25,26.26,26.235,26.26,41
2021-03-15 09:29:00,26.265,26.27,26.24,26.24,48
2021-03-15 09:30:00,26.245,26.265,26.225,26.23,68
2021-03-15 09:31:00,26.23,26.23,26.21,26.215,49
2021-03-15 09:32:00,26.21,26.21,26.185,26.195,65
2021-03-15 09:33:00,26.2,26.215,26.2,26.215,36
2021-03-15 09:34:00,26.21,26.225,26.21,26.22,32
2021-03-15 09:35:00,26.215,26.215,26.2,26.205,32
2021-03-15 09:36:00,26.21,26.225,26.205,26.215,21
2021-03-15 09:37:00,26.21,26.21,26.205,26.205,14
2021-03-15 09:38:00,26.21,26.21,26.19,26.2,26
2021-03-15 09:39:00,26.195,26.195,26.185,26.19,20
2021-03-15 09:40:00,26.18,26.19,26.18,26.185,5
2021-03-15 09:41:00,26.175,26.18,26.17,26.17,26
2021-03-15 09:42:00,26.17,26.18,26.17,26.17,8
2021-03-15 09:43:00,26.175,26.18,26.17,26.18,17
2021-03-15 09:44:00,26.185,26.19,26.18,26.185,10
2021-03-15 09:45:00,26.19,26.205,26.185,26.2,12
2021-03-15 09:46:00,26.2,26.2,26.175,26.175,24
2021-03-15 09:47:00,26.175,26.18,26.17,26.17,19
2021-03-15 09:48:00,26.17,26.17,26.155,26.165,18
2021-03-15 09:49:00,26.165,26.18,26.165,26.175,10
2021-03-15 09:50:00,26.175,26.18,26.165,26.17,19
2021-03-15 09:51:00,26.17,26.17,26.155,26.16,9
2021-03-15 09:52:00,26.16,26.17,26.16,26.17,25
2021-03-15 09:53:00,26.165,26.17,26.155,26.16,15
2021-03-15 09:54:00,26.165,26.17,26.165,26.17,2
2021-03-15 09:55:00,26.17,26.17,26.155,26.155,9
2021-03-15 09:56:00,26.16,26.165,26.16,26.165,12
2021-03-15 09:57:00,26.17,26.17,26.16,26.16,7
2021-03-15 09:58:00,26.165,26.175,26.165,26.17,16
2021-03-15 09:59:00,26.17,26.18,26.17,26.17,16
2021-03-15 10:00:00,26.175,26.185,26.17,26.17,41
2021-03-15 10:01:00,26.17,26.19,26.17,26.185,22
2021-03-15 10:02:00,26.19,26.2,26.19,26.195,16
2021-03-15 10:03:00,26.2,26.205,26.19,26.195,26
2021-03-15 10:04:00,26.19,26.21,26.19,26.21,26
2021-03-15 10:05:00,26.2,26.215,26.19,26.19,33
2021-03-15 10:06:00,26.19,26.19,26.18,26.18,9
2021-03-15 10:07:00,26.18,26.185,26.16,26.16,26
2021-03-15 10:08:00,26.16,26.16,26.11,26.125,103
2021-03-15 10:09:00,26.125,26.13,26.11,26.115,36
2021-03-15 10:10:00,26.115,26.13,26.115,26.125,43
2021-03-15 10:11:00,26.12,26.135,26.12,26.125,21
2021-03-15 10:12:00,26.125,26.14,26.125,26.14,14
2021-03-15 10:13:00,26.145,26.15,26.14,26.15,31
2021-03-15 10:14:00,26.15,26.155,26.145,26.145,15
2021-03-15 10:15:00,26.145,26.15,26.14,26.145,17
2021-03-15 10:16:00,26.145,26.145,26.145,26.145,5
2021-03-15 10:17:00,26.15,26.155,26.14,26.14,14
2021-03-15 10:18:00,26.14,26.14,26.105,26.105,53
2021-03-15 10:19:00,26.105,26.115,26.1,26.115,36
2021-03-15 10:20:00,26.105,26.11,26.095,26.1,18
2021-03-15 10:21:00,26.095,26.115,26.095,26.115,12
2021-03-15 10:22:00,26.125,26.125,26.115,26.115,19
2021-03-15 10:23:00,26.115,26.12,26.115,26.12,12
2021-03-15 10:24:00,26.125,26.13,26.125,26.125,15
2021-03-15 10:25:00,26.12,26.12,26.11,26.11,6
2021-03-15 10:26:00,26.11,26.12,26.11,26.12,3
2021-03-15 10:27:00,26.115,26.115,26.095,26.095,14
2021-03-15 10:28:00,26.095,26.1,26.075,26.08,45
2021-03-15 10:29:00,26.075,26.075,26.05,26.065,73
2021-03-15 10:30:00,26.065,26.075,26.05,26.065,50
2021-03-15 10:31:00,26.065,26.075,26.06,26.06,25
2021-03-15 10:32:00,26.07,26.085,26.07,26.08,24
2021-03-15 10:33:00,26.075,26.08,26.065,26.07,6
2021-03-15 10:34:00,26.075,26.08,26.06,26.075,32
2021-03-15 10:35:00,26.075,26.075,26.06,26.07,18
2021-03-15 10:36:00,26.075,26.08,26.075,26.08,4
2021-03-15 10:37:00,26.07,26.075,26.07,26.07,23
2021-03-15 10:38:00,26.07,26.085,26.065,26.075,65
2021-03-15 10:39:00,26.06,26.075,26.045,26.075,34
2021-03-15 10:40:00,26.075,26.075,26.07,26.07,13
2021-03-15 10:41:00,26.075,26.08,26.075,26.075,22
2021-03-15 10:42:00,26.08,26.085,26.07,26.07,26
2021-03-15 10:43:00,26.08,26.095,26.07,26.075,33
2021-03-15 10:44:00,26.075,26.08,26.06,26.08,20
2021-03-15 10:45:00,26.085,26.085,26.065,26.065,87
2021-03-15 10:46:00,26.07,26.07,26.035,26.055,37
2021-03-15 10:47:00,26.045,26.045,26.015,26.03,68
2021-03-15 10:48:00,26.035,26.04,26.035,26.04,9
2021-03-15 10:49:00,26.03,26.03,26.02,26.02,52
2021-03-15 10:50:00,26.025,26.035,26.02,26.035,7
2021-03-15 10:51:00,26.04,26.045,26.04,26.04,16
2021-03-15 10:52:00,26.035,26.045,26.035,26.04,23
2021-03-15 10:53:00,26.045,26.055,26.045,26.055,14
2021-03-15 10:54:00,26.06,26.06,26.045,26.045,44
2021-03-15 10:55:00,26.05,26.06,26.05,26.06,6
2021-03-15 10:56:00,26.055,26.06,26.055,26.06,13
2021-03-15 10:57:00,26.065,26.07,26.065,26.07,6
2021-03-15 10:58:00,26.07,26.085,26.07,26.08,14
2021-03-15 10:59:00,26.08,26.08,26.06,26.065,37
2021-03-15 11:00:00,26.07,26.075,26.06,26.07,16
2021-03-15 11:01:00,26.075,26.09,26.075,26.09,10
2021-03-15 11:02:00,26.09,26.11,26.085,26.1,47
2021-03-15 11:03:00,26.1,26.1,26.09,26.1,30
2021-03-15 11:04:00,26.1,26.11,26.1,26.1,20
2021-03-15 11:05:00,26.105,26.11,26.1,26.1,12
2021-03-15 11:06:00,26.1,26.105,26.09,26.09,17
2021-03-15 11:07:00,26.085,26.09,26.075,26.075,15
2021-03-15 11:08:00,26.07,26.07,26.06,26.07,7
2021-03-15 11:09:00,26.07,26.07,26.07,26.07,1
2021-03-15 11:10:00,26.07,26.075,26.07,26.07,3
2021-03-15 11:11:00,26.07,26.09,26.07,26.085,7
2021-03-15 11:12:00,26.09,26.095,26.09,26.095,5
2021-03-15 11:13:00,26.1,26.105,26.1,26.1,16
2021-03-15 11:14:00,26.095,26.095,26.095,26.095,1
2021-03-15 11:15:00,26.1,26.105,26.1,26.105,12
2021-03-15 11:16:00,26.105,26.105,26.095,26.095,14
2021-03-15 11:17:00,26.09,26.1,26.09,26.095,9
2021-03-15 11:18:00,26.1,26.1,26.1,26.1,2
2021-03-15 11:19:00,26.09,26.09,26.07,26.075,15
2021-03-15 11:20:00,26.075,26.09,26.065,26.09,27
2021-03-15 11:21:00,26.09,26.09,26.065,26.065,16
2021-03-15 11:22:00,26.065,26.065,26.05,26.055,21
2021-03-15 11:23:00,26.055,26.055,26.045,26.045,8
2021-03-15 11:24:00,26.045,26.065,26.045,26.065,10
2021-03-15 11:25:00,26.06,26.06,26.055,26.055,3
2021-03-15 11:26:00,26.06,26.06,26.055,26.055,2
2021-03-15 11:27:00,26.05,26.055,26.05,26.05,9
2021-03-15 11:28:00,26.06,26.06,26.06,26.06,2
2021-03-15 11:29:00,26.065,26.065,26.06,26.06,8
2021-03-15 11:30:00,26.07,26.07,26.06,26.065,12
2021-03-15 11:31:00,26.06,26.065,26.055,26.065,13
2021-03-15 11:32:00,26.065,26.065,26.065,26.065,4
2021-03-15 11:33:00,26.06,26.07,26.06,26.07,6
2021-03-15 11:34:00,26.07,26.075,26.07,26.075,5
2021-03-15 11:35:00,26.075,26.085,26.075,26.085,3
2021-03-15 11:36:00,26.08,26.08,26.07,26.07,16
2021-03-15 11:37:00,26.07,26.07,26.065,26.065,3
2021-03-15 11:38:00,26.06,26.06,26.06,26.06,4
2021-03-15 11:39:00,26.065,26.065,26.065,26.065,5
2021-03-15 11:40:00,26.065,26.08,26.065,26.08,5
2021-03-15 11:41:00,26.085,26.09,26.085,26.09,3
2021-03-15 11:42:00,26.085,26.085,26.085,26.085,1
2021-03-15 11:43:00,26.085,26.085,26.08,26.08,3
2021-03-15 11:44:00,26.08,26.08,26.08,26.08,1
2021-03-15 11:45:00,26.085,26.085,26.085,26.085,4
2021-03-15 11:46:00,26.075,26.08,26.075,26.08,5
2021-03-15 11:47:00,26.085,26.085,26.085,26.085,1
2021-03-15 11:48:00,26.08,26.08,26.075,26.075,5
2021-03-15 11:49:00,26.08,26.08,26.08,26.08,4
2021-03-15 11:50:00,26.08,26.08,26.065,26.065,10
2021-03-15 11:52:00,26.07,26.08,26.07,26.08,3
2021-03-15 11:53:00,26.08,26.08,26.08,26.08,1
2021-03-15 11:54:00,26.08,26.08,26.075,26.075,4
2021-03-15 11:55:00,26.075,26.075,26.075,26.075,1
2021-03-15 11:56:00,26.08,26.08,26.08,26.08,3
2021-03-15 11:57:00,26.085,26.09,26.08,26.09,9
2021-03-15 11:58:00,26.09,26.095,26.09,26.095,3
2021-03-15 11:59:00,26.09,26.09,26.09,26.09,4
2021-03-15 12:00:00,26.085,26.085,26.085,26.085,3
2021-03-15 12:01:00,26.085,26.085,26.08,26.08,8
2021-03-15 12:02:00,26.075,26.075,26.075,26.075,1
2021-03-15 12:03:00,26.075,26.075,26.075,26.075,4
2021-03-15 12:04:00,26.08,26.08,26.07,26.07,6
2021-03-15 12:05:00,26.065,26.065,26.065,26.065,3
2021-03-15 12:06:00,26.065,26.065,26.065,26.065,3
2021-03-15 12:07:00,26.065,26.065,26.06,26.065,20
2021-03-15 12:09:00,26.06,26.065,26.06,26.065,2
2021-03-15 12:10:00,26.06,26.06,26.05,26.05,15
2021-03-15 12:11:00,26.05,26.05,26.04,26.045,13
2021-03-15 12:12:00,26.045,26.05,26.045,26.05,7
2021-03-15 12:13:00,26.045,26.05,26.045,26.05,4
2021-03-15 12:15:00,26.04,26.04,26.035,26.04,11
2021-03-15 12:16:00,26.035,26.045,26.035,26.045,6
2021-03-15 12:17:00,26.055,26.055,26.055,26.055,1
2021-03-15 12:18:00,26.05,26.06,26.05,26.06,5
2021-03-15 12:19:00,26.06,26.06,26.06,26.06,11
2021-03-15 12:20:00,26.055,26.055,26.045,26.045,15
2021-03-15 12:21:00,26.045,26.045,26.045,26.045,5
2021-03-15 12:22:00,26.045,26.045,26.04,26.045,8
2021-03-15 12:23:00,26.045,26.045,26.045,26.045,4
2021-03-15 12:24:00,26.045,26.045,26.04,26.04,7
2021-03-15 12:25:00,26.04,26.05,26.04,26.05,7
2021-03-15 12:26:00,26.05,26.05,26.05,26.05,2
2021-03-15 12:28:00,26.045,26.045,26.045,26.045,1
2021-03-15 12:29:00,26.05,26.05,26.05,26.05,1
2021-03-15 12:30:00,26.05,26.05,26.045,26.045,3
2021-03-15 12:31:00,26.045,26.045,26.035,26.035,4
2021-03-15 12:32:00,26.03,26.04,26.03,26.04,13
2021-03-15 12:33:00,26.04,26.045,26.04,26.045,3
2021-03-15 12:35:00,26.045,26.045,26.045,26.045,1
2021-03-15 12:36:00,26.04,26.04,26.035,26.035,7
2021-03-15 12:37:00,26.035,26.035,26.025,26.03,11
2021-03-15 12:38:00,26.03,26.03,26.025,26.025,6
2021-03-15 12:39:00,26.03,26.03,26.025,26.03,7
2021-03-15 12:40:00,26.025,26.025,26.02,26.02,10
2021-03-15 12:41:00,26.02,26.02,26.015,26.015,11
2021-03-15 12:42:00,26.015,26.02,26.015,26.015,5
2021-03-15 12:43:00,26.015,26.015,26.01,26.015,12
2021-03-15 12:44:00,26.015,26.02,26.015,26.02,5
2021-03-15 12:45:00,26.03,26.03,26.03,26.03,3
2021-03-15 12:46:00,26.03,26.035,26.03,26.035,2
2021-03-15 12:47:00,26.03,26.03,26.03,26.03,3
2021-03-15 12:48:00,26.03,26.03,26.03,26.03,2
2021-03-15 12:49:00,26.03,26.03,26.03,26.03,3
2021-03-15 12:50:00,26.025,26.035,26.025,26.035,3
2021-03-15 12:52:00,26.035,26.035,26.035,26.035,3
2021-03-15 12:56:00,26.035,26.035,26.035,26.035,2
2021-03-15 12:57:00,26.035,26.035,26.025,26.03,3
2021-03-15 12:58:00,26.03,26.03,26.03,26.03,1
2021-03-15 13:00:00,26.035,26.04,26.035,26.04,4
2021-03-15 13:01:00,26.04,26.045,26.04,26.045,4
2021-03-15 13:02:00,26.04,26.04,26.015,26.015,19
2021-03-15 13:03:00,26.02,26.02,26.005,26.01,16
2021-03-15 13:04:00,26.005,26.005,25.99,26.0,29
2021-03-15 13:05:00,25.995,26.0,25.995,25.995,8
2021-03-15 13:06:00,25.995,26.0,25.98,25.985,21
2021-03-15 13:07:00,25.99,25.99,25.985,25.985,5
2021-03-15 13:08:00,25.985,25.99,25.985,25.99,3
2021-03-15 13:09:00,25.99,25.99,25.985,25.99,11
2021-03-15 13:10:00,25.98,25.985,25.97,25.975,17
2021-03-15 13:11:00,25.975,25.995,25.975,25.99,52
2021-03-15 13:12:00,25.97,25.975,25.97,25.97,18
2021-03-15 13:13:00,25.97,25.97,25.905,25.96,179
2021-03-15 13:14:00,25.965,25.965,25.945,25.965,50
2021-03-15 13:15:00,25.965,25.965,25.945,25.95,12
2021-03-15 13:16:00,25.945,25.96,25.945,25.955,7
2021-03-15 13:17:00,25.95,25.95,25.94,25.945,7
2021-03-15 13:18:00,25.95,25.955,25.95,25.955,9
2021-03-15 13:19:00,25.96,25.965,25.96,25.96,8
2021-03-15 13:20:00,25.96,25.975,25.96,25.965,12
2021-03-15 13:21:00,25.965,25.965,25.95,25.95,5
2021-03-15 13:22:00,25.95,25.955,25.94,25.955,14
2021-03-15 13:23:00,25.95,25.96,25.95,25.96,15
2021-03-15 13:24:00,25.955,25.955,25.95,25.955,9
2021-03-15 13:25:00,25.955,25.96,25.955,25.96,7
2021-03-15 13:26:00,25.955,25.96,25.95,25.96,7
2021-03-15 13:27:00,25.955,25.955,25.935,25.94,9
2021-03-15 13:28:00,25.95,25.955,25.95,25.955,4
2021-03-15 13:29:00,25.95,25.95,25.94,25.94,7
2021-03-15 13:30:00,25.945,25.945,25.895,25.91,122
2021-03-15 13:31:00,25.915,25.915,25.895,25.895,59
2021-03-15 13:32:00,25.89,25.91,25.89,25.905,30
2021-03-15 13:33:00,25.9,25.905,25.89,25.895,17
2021-03-15 13:34:00,25.885,25.885,25.87,25.875,33
2021-03-15 13:35:00,25.87,25.9,25.86,25.9,66
2021-03-15 13:36:00,25.9,25.91,25.895,25.895,21
2021-03-15 13:37:00,25.895,25.895,25.865,25.88,42
2021-03-15 13:38:00,25.885,25.89,25.88,25.88,13
2021-03-15 13:39:00,25.88,25.89,25.865,25.89,35
2021-03-15 13:40:00,25.885,25.895,25.875,25.885,19
2021-03-15 13:41:00,25.88,25.88,25.845,25.865,75
2021-03-15 13:42:00,25.865,25.875,25.865,25.87,20
2021-03-15 13:43:00,25.87,25.885,25.86,25.885,36
2021-03-15 13:44:00,25.89,25.895,25.885,25.895,21
2021-03-15 13:45:00,25.895,25.9,25.89,25.89,8
2021-03-15 13:46:00,25.885,25.895,25.88,25.895,6
2021-03-15 13:47:00,25.9,25.905,25.88,25.88,7
2021-03-15 13:48:00,25.88,25.88,25.875,25.875,8
2021-03-15 13:49:00,25.89,25.895,25.885,25.885,14
2021-03-15 13:50:00,25.89,25.895,25.875,25.875,11
2021-03-15 13:51:00,25.88,25.905,25.88,25.905,25
2021-03-15 13:52:00,25.91,25.94,25.91,25.935,68
2021-03-15 13:53:00,25.925,25.935,25.925,25.93,7
2021-03-15 13:54:00,25.93,25.93,25.92,25.92,8
2021-03-15 13:55:00,25.92,25.93,25.92,25.93,19
2021-03-15 13:56:00,25.935,25.935,25.92,25.925,17
2021-03-15 13:57:00,25.925,25.925,25.915,25.915,7
2021-03-15 13:58:00,25.915,25.925,25.91,25.915,28
2021-03-15 13:59:00,25.915,25.915,25.9,25.91,25
2021-03-15 14:00:00,25.915,25.935,25.915,25.93,15
2021-03-15 14:01:00,25.93,25.935,25.92,25.925,38
2021-03-15 14:02:00,25.935,25.95,25.935,25.945,39
2021-03-15 14:03:00,25.945,25.945,25.94,25.945,21
2021-03-15 14:04:00,25.945,25.95,25.93,25.935,38
2021-03-15 14:05:00,25.935,25.935,25.92,25.92,41
2021-03-15 14:06:00,25.925,25.93,25.915,25.915,18
2021-03-15 14:07:00,25.925,25.925,25.915,25.925,39
2021-03-15 14:08:00,25.92,25.935,25.92,25.925,30
2021-03-15 14:09:00,25.92,25.92,25.915,25.92,25
2021-03-15 14:10:00,25.91,25.925,25.91,25.92,19
2021-03-15 14:11:00,25.92,25.925,25.92,25.925,26
2021-03-15 14:12:00,25.93,25.93,25.925,25.93,10
2021-03-15 14:13:00,25.93,25.945,25.93,25.945,29
2021-03-15 14:14:00,25.94,25.94,25.935,25.935,15
2021-03-15 14:15:00,25.935,25.935,25.91,25.91,54
2021-03-15 14:16:00,25.905,25.905,25.89,25.905,38
2021-03-15 14:17:00,25.905,25.91,25.9,25.91,10
2021-03-15 14:18:00,25.91,25.91,25.89,25.89,20
2021-03-15 14:19:00,25.895,25.905,25.89,25.905,43
2021-03-15 14:20:00,25.91,25.91,25.9,25.905,7
2021-03-15 14:21:00,25.9,25.9,25.89,25.89,4
2021-03-15 14:22:00,25.895,25.9,25.875,25.88,25
2021-03-15 14:23:00,25.88,25.89,25.87,25.89,31
2021-03-15 14:24:00,25.88,25.88,25.875,25.88,19
2021-03-15 14:25:00,25.88,25.89,25.875,25.89,10
2021-03-15 14:26:00,25.9,25.905,25.9,25.905,2
2021-03-15 14:27:00,25.91,25.92,25.91,25.91,16
2021-03-15 14:28:00,25.915,25.915,25.905,25.915,12
2021-03-15 14:29:00,25.91,25.91,25.91,25.91,10
2021-03-15 14:30:00,25.92,25.935,25.92,25.935,16
2021-03-15 14:31:00,25.935,25.94,25.935,25.94,20
2021-03-15 14:32:00,25.945,25.945,25.935,25.945,15
2021-03-15 14:33:00,25.945,25.95,25.945,25.95,13
2021-03-15 14:34:00,25.955,25.965,25.95,25.965,27
2021-03-15 14:35:00,25.955,25.97,25.955,25.96,21
2021-03-15 14:36:00,25.96,25.96,25.95,25.95,11
2021-03-15 14:37:00,25.95,25.97,25.945,25.965,26
2021-03-15 14:38:00,25.965,25.965,25.96,25.96,6
2021-03-15 14:39:00,25.96,25.96,25.955,25.955,4
2021-03-15 14:40:00,25.96,25.965,25.96,25.965,9
2021-03-15 14:41:00,25.975,25.975,25.96,25.96,8
2021-03-15 14:42:00,25.96,25.96,25.96,25.96,1
2021-03-15 14:43:00,25.955,25.96,25.95,25.955,15
2021-03-15 14:44:00,25.955,25.965,25.955,25.96,16
2021-03-15 14:45:00,25.97,25.985,25.97,25.985,43
2021-03-15 14:46:00,25.99,25.995,25.98,25.98,20
2021-03-15 14:47:00,25.975,25.98,25.975,25.975,13
2021-03-15 14:48:00,25.975,25.985,25.975,25.975,9
2021-03-15 14:49:00,25.98,25.98,25.97,25.97,7
2021-03-15 14:50:00,25.965,25.965,25.955,25.96,24
2021-03-15 14:51:00,25.965,25.97,25.965,25.97,6
2021-03-15 14:52:00,25.965,25.975,25.965,25.975,8
2021-03-15 14:53:00,25.98,25.985,25.98,25.98,12
2021-03-15 14:54:00,25.98,25.985,25.975,25.98,8
2021-03-15 14:55:00,25.98,25.985,25.975,25.975,10
2021-03-15 14:56:00,25.98,25.98,25.97,25.97,16
2021-03-15 14:57:00,25.97,25.97,25.965,25.965,10
2021-03-15 14:58:00,25.965,25.965,25.955,25.955,11
2021-03-15 14:59:00,25.96,25.96,25.95,25.96,6
2021-03-15 15:00:00,25.965,25.965,25.955,25.96,9
2021-03-15 15:01:00,25.965,25.97,25.96,25.97,8
2021-03-15 15:02:00,25.965,25.965,25.955,25.955,39
2021-03-15 15:03:00,25.96,25.97,25.96,25.965,10
2021-03-15 15:04:00,25.965,25.965,25.965,25.965,6
2021-03-15 15:05:00,25.975,25.98,25.965,25.975,7
2021-03-15 15:06:00,25.965,25.97,25.965,25.965,13
2021-03-15 15:07:00,25.965,25.975,25.965,25.975,9
2021-03-15 15:08:00,25.97,25.97,25.97,25.97,5
2021-03-15 15:09:00,25.975,25.975,25.97,25.975,5
2021-03-15 15:10:00,25.97,25.97,25.955,25.955,8
2021-03-15 15:11:00,25.965,25.965,25.95,25.95,16
2021-03-15 15:12:00,25.95,25.955,25.935,25.94,40
2021-03-15 15:13:00,25.94,25.94,25.935,25.94,10
2021-03-15 15:14:00,25.94,25.95,25.94,25.945,10
2021-03-15 15:15:00,25.935,25.935,25.93,25.93,9
2021-03-15 15:16:00,25.935,25.935,25.935,25.935,7
2021-03-15 15:17:00,25.94,25.94,25.935,25.935,5
2021-03-15 15:18:00,25.935,25.94,25.925,25.94,8
2021-03-15 15:19:00,25.945,25.945,25.945,25.945,4
2021-03-15 15:20:00,25.955,25.955,25.945,25.945,4
2021-03-15 15:21:00,25.945,25.95,25.945,25.95,7
2021-03-15 15:22:00,25.95,25.95,25.95,25.95,6
2021-03-15 15:23:00,25.945,25.955,25.94,25.955,10
2021-03-15 15:24:00,25.96,25.96,25.95,25.95,11
2021-03-15 15:25:00,25.945,25.95,25.945,25.95,8
2021-03-15 15:26:00,25.95,25.95,25.945,25.945,4
2021-03-15 15:27:00,25.95,25.95,25.945,25.945,7
2021-03-15 15:28:00,25.955,25.955,25.955,25.955,3
2021-03-15 15:29:00,25.96,25.97,25.96,25.965,10
2021-03-15 15:30:00,25.965,25.985,25.965,25.98,8
2021-03-15 15:31:00,25.985,25.985,25.975,25.98,15
2021-03-15 15:32:00,25.985,25.985,25.96,25.96,34
2021-03-15 15:33:00,25.95,25.97,25.95,25.96,19
2021-03-15 15:34:00,25.97,25.995,25.97,25.995,26
2021-03-15 15:35:00,26.0,26.015,25.985,25.99,44
2021-03-15 15:36:00,25.985,25.985,25.98,25.985,9
2021-03-15 15:37:00,25.975,25.975,25.965,25.97,19
2021-03-15 15:38:00,25.98,25.98,25.97,25.975,7
2021-03-15 15:39:00,25.965,25.965,25.96,25.96,4
2021-03-15 15:40:00,25.96,25.96,25.95,25.96,13
2021-03-15 15:41:00,25.95,25.95,25.945,25.945,10
2021-03-15 15:42:00,25.94,25.94,25.94,25.94,6
2021-03-15 15:43:00,25.935,25.94,25.93,25.935,24
2021-03-15 15:44:00,25.935,25.935,25.925,25.935,13
2021-03-15 15:45:00,25.93,25.935,25.925,25.935,14
2021-03-15 15:46:00,25.92,25.925,25.92,25.925,6
2021-03-15 15:47:00,25.925,25.925,25.915,25.915,13
2021-03-15 15:48:00,25.91,25.91,25.9,25.905,13
2021-03-15 15:49:00,25.905,25.91,25.905,25.91,9
2021-03-15 15:50:00,25.905,25.905,25.905,25.905,6
2021-03-15 15:51:00,25.91,25.91,25.905,25.905,6
2021-03-15 15:52:00,25.91,25.92,25.91,25.92,9
2021-03-15 15:53:00,25.92,25.92,25.91,25.91,5
2021-03-15 15:54:00,25.915,25.915,25.905,25.905,8
2021-03-15 15:55:00,25.905,25.91,25.905,25.91,15
2021-03-15 15:56:00,25.915,25.945,25.915,25.93,32
2021-03-15 15:57:00,25.935,25.935,25.93,25.935,14
2021-03-15 15:58:00,25.93,25.93,25.93,25.93,1
2021-03-15 15:59:00,25.935,25.94,25.93,25.94,7
2021-03-15 16:00:00,25.935,25.96,25.93,25.96,35
2021-03-15 16:01:00,25.965,25.97,25.965,25.965,15
2021-03-15 16:02:00,25.975,25.98,25.97,25.97,24
2021-03-15 16:03:00,25.96,25.99,25.96,25.97,75
2021-03-15 16:04:00,25.97,25.97,25.955,25.955,27
2021-03-15 16:05:00,25.95,25.99,25.95,25.99,40
2021-03-15 16:06:00,25.99,26.005,25.985,26.005,21
2021-03-15 16:07:00,26.01,26.035,26.005,26.025,63
2021-03-15 16:08:00,26.025,26.025,26.01,26.01,25
2021-03-15 16:09:00,26.005,26.01,26.0,26.01,12
2021-03-15 16:10:00,26.005,26.005,25.995,26.0,9
2021-03-15 16:11:00,26.005,26.005,25.995,26.0,20
2021-03-15 16:12:00,26.0,26.0,25.98,25.98,16
2021-03-15 16:13:00,25.985,25.995,25.98,25.99,12
2021-03-15 16:14:00,25.99,26.01,25.99,26.01,19
2021-03-15 16:15:00,26.015,26.015,26.0,26.0,17
2021-03-15 16:16:00,26.0,26.0,25.975,25.975,58
2021-03-15 16:17:00,25.97,25.975,25.955,25.96,20
2021-03-15 16:18:00,25.965,25.98,25.96,25.98,13
2021-03-15 16:19:00,25.975,25.98,25.96,25.96,15
2021-03-15 16:20:00,25.965,25.965,25.945,25.95,19
2021-03-15 16:21:00,25.955,25.955,25.945,25.95,10
2021-03-15 16:22:00,25.955,25.965,25.95,25.955,27
2021-03-15 16:23:00,25.955,25.955,25.95,25.95,8
2021-03-15 16:24:00,25.955,25.955,25.945,25.955,11
2021-03-15 16:25:00,25.96,25.965,25.955,25.955,10
2021-03-15 16:27:00,25.965,25.97,25.965,25.97,12
2021-03-15 16:28:00,25.97,25.98,25.97,25.98,5
2021-03-15 16:29:00,25.98,25.985,25.975,25.985,11
2021-03-15 16:30:00,25.98,26.0,25.98,25.995,14
2021-03-15 16:31:00,25.995,26.01,25.995,26.005,17
2021-03-15 16:32:00,26.005,26.015,26.0,26.0,28
2021-03-15 16:33:00,25.995,26.0,25.99,25.99,21
2021-03-15 16:34:00,25.985,25.995,25.985,25.99,12
2021-03-15 16:35:00,25.985,26.0,25.985,26.0,10
2021-03-15 16:36:00,26.0,26.0,25.98,25.995,17
2021-03-15 16:37:00,25.99,26.02,25.99,26.01,20
2021-03-15 16:38:00,26.02,26.02,26.015,26.015,6
2021-03-15 16:39:00,26.02,26.025,26.005,26.01,26
2021-03-15 16:40:00,26.005,26.015,26.005,26.015,12
2021-03-15 16:41:00,26.01,26.015,26.01,26.015,4
2021-03-15 16:42:00,26.01,26.01,26.0,26.01,19
2021-03-15 16:43:00,26.01,26.03,26.01,26.03,16
2021-03-15 16:44:00,26.035,26.05,26.03,26.05,37
2021-03-15 16:45:00,26.055,26.055,26.04,26.045,28
2021-03-15 16:46:00,26.045,26.055,26.045,26.05,26
2021-03-15 16:47:00,26.055,26.06,26.045,26.06,41
2021-03-15 16:48:00,26.06,26.06,26.045,26.055,13
2021-03-15 16:49:00,26.055,26.075,26.055,26.065,38
2021-03-15 16:50:00,26.075,26.075,26.06,26.06,24
2021-03-15 16:51:00,26.06,26.07,26.06,26.065,13
2021-03-15 16:52:00,26.07,26.09,26.07,26.09,31
2021-03-15 16:53:00,26.085,26.115,26.08,26.1,79
2021-03-15 16:54:00,26.095,26.1,26.09,26.095,20
2021-03-15 16:55:00,26.095,26.1,26.09,26.095,21
2021-03-15 16:56:00,26.09,26.09,26.08,26.085,4
2021-03-15 16:57:00,26.08,26.105,26.075,26.085,147
2021-03-15 16:58:00,26.09,26.09,26.08,26.08,17
2021-03-15 16:59:00,26.09,26.11,26.09,26.11,19
2021-03-15 17:00:00,26.115,26.135,26.105,26.125,73
2021-03-15 17:01:00,26.12,26.135,26.12,26.13,13
2021-03-15 17:02:00,26.125,26.14,26.125,26.135,31
2021-03-15 17:03:00,26.13,26.13,26.12,26.125,16
2021-03-15 17:04:00,26.125,26.155,26.125,26.155,98
2021-03-15 17:05:00,26.15,26.175,26.15,26.17,159
2021-03-15 17:06:00,26.18,26.23,26.17,26.23,234
2021-03-15 17:07:00,26.23,26.235,26.22,26.235,65
2021-03-15 17:08:00,26.23,26.23,26.205,26.21,66
2021-03-15 17:09:00,26.215,26.225,26.21,26.21,29
2021-03-15 17:10:00,26.205,26.205,26.19,26.195,54
2021-03-15 17:11:00,26.195,26.195,26.185,26.19,11
2021-03-15 17:12:00,26.19,26.195,26.19,26.195,9
2021-03-15 17:13:00,26.195,26.21,26.195,26.21,19
2021-03-15 17:14:00,26.205,26.21,26.19,26.195,30
2021-03-15 17:15:00,26.2,26.2,26.19,26.195,12
2021-03-15 17:16:00,26.195,26.2,26.18,26.19,42
2021-03-15 17:17:00,26.185,26.215,26.185,26.205,38
2021-03-15 17:18:00,26.2,26.2,26.19,26.195,13
2021-03-15 17:19:00,26.2,26.2,26.175,26.185,27
2021-03-15 17:20:00,26.185,26.185,26.175,26.185,31
2021-03-15 17:21:00,26.185,26.19,26.18,26.185,20
2021-03-15 17:22:00,26.19,26.2,26.19,26.195,28
2021-03-15 17:23:00,26.19,26.205,26.19,26.205,15
2021-03-15 17:24:00,26.205,26.205,26.19,26.2,35
2021-03-15 17:25:00,26.195,26.2,26.19,26.19,14
2021-03-15 17:26:00,26.19,26.19,26.185,26.19,11
2021-03-15 17:27:00,26.19,26.195,26.18,26.195,31
2021-03-15 17:28:00,26.195,26.205,26.195,26.2,5
2021-03-15 17:29:00,26.205,26.21,26.2,26.205,19
2021-03-15 17:30:00,26.195,26.21,26.195,26.2,23
2021-03-15 17:31:00,26.205,26.21,26.2,26.21,64
2021-03-15 17:32:00,26.215,26.225,26.215,26.225,11
2021-03-15 17:33:00,26.225,26.255,26.225,26.25,108
2021-03-15 17:34:00,26.255,26.26,26.25,26.25,40
2021-03-15 17:35:00,26.25,26.26,26.25,26.25,16
2021-03-15 17:36:00,26.25,26.26,26.235,26.235,53
2021-03-15 17:37:00,26.23,26.23,26.21,26.21,51
2021-03-15 17:38:00,26.215,26.215,26.21,26.21,21
2021-03-15 17:39:00,26.205,26.215,26.205,26.21,16
2021-03-15 17:40:00,26.215,26.225,26.21,26.215,23
2021-03-15 17:41:00,26.21,26.22,26.2,26.2,43
2021-03-15 17:42:00,26.195,26.195,26.19,26.19,25
2021-03-15 17:43:00,26.19,26.2,26.19,26.195,17
2021-03-15 17:44:00,26.195,26.2,26.185,26.185,11
2021-03-15 17:45:00,26.185,26.185,26.17,26.17,24
2021-03-15 17:46:00,26.175,26.175,26.17,26.17,20
2021-03-15 17:47:00,26.17,26.175,26.165,26.165,14
2021-03-15 17:48:00,26.165,26.17,26.16,26.17,38
2021-03-15 17:49:00,26.17,26.18,26.165,26.18,15
2021-03-15 17:50:00,26.18,26.18,26.175,26.18,13
2021-03-15 17:51:00,26.18,26.18,26.165,26.17,22
2021-03-15 17:52:00,26.17,26.17,26.16,26.165,8
2021-03-15 17:53:00,26.16,26.165,26.16,26.16,43
2021-03-15 17:54:00,26.16,26.16,26.135,26.135,70
2021-03-15 17:55:00,26.14,26.165,26.14,26.155,48
2021-03-15 17:56:00,26.15,26.15,26.145,26.145,11
2021-03-15 17:57:00,26.145,26.155,26.145,26.15,11
2021-03-15 17:58:00,26.15,26.15,26.145,26.145,9
2021-03-15 17:59:00,26.145,26.145,26.13,26.145,17
2021-03-15 18:00:00,26.14,26.14,26.13,26.135,13
2021-03-15 18:01:00,26.14,26.14,26.14,26.14,5
2021-03-15 18:02:00,26.15,26.155,26.14,26.14,20
2021-03-15 18:03:00,26.135,26.14,26.135,26.135,8
2021-03-15 18:04:00,26.145,26.155,26.145,26.155,21
2021-03-15 18:05:00,26.155,26.155,26.14,26.145,17
2021-03-15 18:06:00,26.145,26.165,26.14,26.16,21
2021-03-15 18:07:00,26.155,26.155,26.14,26.145,17
2021-03-15 18:08:00,26.145,26.145,26.14,26.14,4
2021-03-15 18:09:00,26.14,26.14,26.14,26.14,1
2021-03-15 18:10:00,26.135,26.15,26.135,26.145,13
2021-03-15 18:11:00,26.14,26.145,26.135,26.14,5
2021-03-15 18:12:00,26.14,26.145,26.135,26.145,12
2021-03-15 18:13:00,26.145,26.15,26.145,26.15,5
2021-03-15 18:14:00,26.155,26.155,26.155,26.155,6
2021-03-15 18:15:00,26.15,26.15,26.145,26.145,6
2021-03-15 18:16:00,26.14,26.15,26.14,26.15,3
2021-03-15 18:17:00,26.145,26.145,26.145,26.145,1
2021-03-15 18:18:00,26.15,26.15,26.145,26.145,6
2021-03-15 18:19:00,26.145,26.15,26.14,26.15,21
2021-03-15 18:20:00,26.155,26.16,26.155,26.155,9
2021-03-15 18:21:00,26.16,26.16,26.16,26.16,6
2021-03-15 18:22:00,26.165,26.165,26.165,26.165,13
2021-03-15 18:23:00,26.165,26.165,26.165,26.165,20
2021-03-15 18:24:00,26.165,26.18,26.165,26.175,31
2021-03-15 18:25:00,26.18,26.18,26.17,26.17,9
2021-03-15 18:26:00,26.17,26.175,26.165,26.175,14
2021-03-15 18:27:00,26.175,26.175,26.17,26.17,5
2021-03-15 18:28:00,26.17,26.17,26.16,26.16,5
2021-03-15 18:29:00,26.17,26.17,26.155,26.155,14
2021-03-15 18:30:00,26.16,26.16,26.15,26.15,13
2021-03-15 18:31:00,26.145,26.145,26.135,26.135,14
2021-03-15 18:32:00,26.14,26.15,26.135,26.145,19
2021-03-15 18:33:00,26.15,26.15,26.145,26.145,2
2021-03-15 18:34:00,26.145,26.145,26.135,26.135,13
2021-03-15 18:35:00,26.135,26.135,26.12,26.125,30
2021-03-15 18:36:00,26.12,26.135,26.12,26.135,15
2021-03-15 18:37:00,26.125,26.14,26.125,26.14,7
2021-03-15 18:38:00,26.145,26.15,26.145,26.15,17
2021-03-15 18:39:00,26.15,26.16,26.15,26.16,17
2021-03-15 18:40:00,26.165,26.165,26.16,26.16,3
2021-03-15 18:42:00,26.165,26.165,26.165,26.165,4
2021-03-15 18:43:00,26.16,26.205,26.155,26.185,105
2021-03-15 18:44:00,26.185,26.185,26.16,26.16,15
2021-03-15 18:45:00,26.16,26.16,26.16,26.16,7
2021-03-15 18:46:00,26.165,26.175,26.165,26.165,29
2021-03-15 18:47:00,26.16,26.165,26.155,26.16,21
2021-03-15 18:48:00,26.155,26.19,26.155,26.18,61
2021-03-15 18:49:00,26.19,26.195,26.175,26.18,25
2021-03-15 18:50:00,26.175,26.195,26.175,26.19,44
2021-03-15 18:51:00,26.185,26.19,26.185,26.19,15
2021-03-15 18:52:00,26.19,26.2,26.19,26.195,53
2021-03-15 18:53:00,26.195,26.195,26.19,26.19,5
2021-03-15 18:54:00,26.185,26.185,26.185,26.185,4
2021-03-15 18:55:00,26.19,26.195,26.185,26.185,7
2021-03-15 18:56:00,26.185,26.185,26.18,26.185,11
2021-03-15 18:57:00,26.185,26.185,26.18,26.185,7
2021-03-15 18:58:00,26.18,26.185,26.18,26.185,10
2021-03-15 18:59:00,26.185,26.2,26.185,26.185,35
2021-03-15 19:00:00,26.19,26.19,26.17,26.17,7
2021-03-15 19:01:00,26.175,26.175,26.17,26.17,3
2021-03-15 19:02:00,26.165,26.165,26.15,26.155,111
2021-03-15 19:03:00,26.155,26.19,26.155,26.185,68
2021-03-15 19:04:00,26.185,26.185,26.18,26.18,12
2021-03-15 19:05:00,26.175,26.18,26.17,26.17,12
2021-03-15 19:06:00,26.18,26.18,26.155,26.155,38
2021-03-15 19:07:00,26.155,26.17,26.155,26.17,11
2021-03-15 19:08:00,26.175,26.185,26.175,26.18,9
2021-03-15 19:09:00,26.18,26.2,26.18,26.195,18
2021-03-15 19:10:00,26.19,26.2,26.19,26.19,21
2021-03-15 19:11:00,26.19,26.21,26.19,26.21,27
2021-03-15 19:12:00,26.21,26.215,26.21,26.215,8
2021-03-15 19:13:00,26.21,26.22,26.21,26.22,26
2021-03-15 19:14:00,26.22,26.22,26.195,26.195,22
2021-03-15 19:15:00,26.185,26.19,26.18,26.19,9
2021-03-15 19:16:00,26.195,26.2,26.185,26.185,8
2021-03-15 19:17:00,26.19,26.2,26.19,26.2,10
2021-03-15 19:18:00,26.195,26.2,26.195,26.195,9
2021-03-15 19:19:00,26.195,26.21,26.195,26.21,34
2021-03-15 19:20:00,26.21,26.21,26.205,26.205,21
2021-03-15 19:21:00,26.2,26.21,26.2,26.21,22
2021-03-15 19:22:00,26.205,26.215,26.205,26.215,18
2021-03-15 19:23:00,26.21,26.21,26.2,26.2,12
2021-03-15 19:24:00,26.2,26.2,26.19,26.19,8
2021-03-15 19:25:00,26.185,26.185,26.18,26.185,20
2021-03-15 19:26:00,26.175,26.19,26.175,26.19,11
2021-03-15 19:27:00,26.19,26.19,26.18,26.185,8
2021-03-15 19:28:00,26.185,26.185,26.17,26.17,9
2021-03-15 19:29:00,26.17,26.175,26.16,26.17,17
2021-03-15 19:30:00,26.16,26.165,26.15,26.16,32
2021-03-15 19:31:00,26.165,26.165,26.155,26.155,20
2021-03-15 19:32:00,26.16,26.17,26.155,26.16,19
2021-03-15 19:33:00,26.16,26.16,26.15,26.16,20
2021-03-15 19:34:00,26.16,26.17,26.16,26.17,13
2021-03-15 19:35:00,26.17,26.18,26.17,26.18,13
2021-03-15 19:36:00,26.185,26.2,26.185,26.19,15
2021-03-15 19:37:00,26.195,26.195,26.18,26.19,13
2021-03-15 19:38:00,26.19,26.19,26.17,26.17,6
2021-03-15 19:39:00,26.17,26.17,26.16,26.16,15
2021-03-15 19:40:00,26.155,26.17,26.15,26.17,22
2021-03-15 19:41:00,26.17,26.18,26.17,26.18,5
2021-03-15 19:42:00,26.185,26.185,26.18,26.18,10
2021-03-15 19:43:00,26.18,26.18,26.175,26.175,11
2021-03-15 19:44:00,26.175,26.19,26.175,26.185,24
2021-03-15 19:45:00,26.18,26.185,26.175,26.185,3
2021-03-15 19:46:00,26.19,26.19,26.185,26.185,7
2021-03-15 19:47:00,26.185,26.185,26.18,26.18,3
2021-03-15 19:48:00,26.17,26.175,26.165,26.175,11
2021-03-15 19:49:00,26.175,26.175,26.17,26.17,8
2021-03-15 19:50:00,26.175,26.19,26.175,26.175,25
2021-03-15 19:51:00,26.175,26.175,26.17,26.175,12
2021-03-15 19:52:00,26.18,26.18,26.175,26.175,5
2021-03-15 19:53:00,26.17,26.17,26.16,26.165,38
2021-03-15 19:54:00,26.16,26.17,26.16,26.17,17
2021-03-15 19:55:00,26.165,26.17,26.16,26.165,36
2021-03-15 19:56:00,26.17,26.17,26.16,26.17,24
2021-03-15 19:57:00,26.17,26.175,26.165,26.17,37
2021-03-15 19:58:00,26.175,26.185,26.175,26.18,28
2021-03-15 19:59:00,26.18,26.18,26.16,26.17,56
2021-03-15 20:00:00,26.17,26.175,26.15,26.175,195
2021-03-15 20:01:00,26.18,26.19,26.155,26.16,105
2021-03-15 20:02:00,26.165,26.17,26.155,26.155,55
2021-03-15 20:03:00,26.16,26.165,26.14,26.15,53
2021-03-15 20:04:00,26.145,26.17,26.145,26.16,37
2021-03-15 20:05:00,26.16,26.165,26.155,26.155,21
2021-03-15 20:06:00,26.16,26.16,26.15,26.155,63
2021-03-15 20:07:00,26.155,26.18,26.155,26.17,45
2021-03-15 20:08:00,26.175,26.175,26.14,26.15,20
2021-03-15 20:09:00,26.15,26.17,26.15,26.155,20
2021-03-15 20:10:00,26.15,26.15,26.13,26.13,36
2021-03-15 20:11:00,26.125,26.125,26.115,26.12,36
2021-03-15 20:12:00,26.12,26.13,26.115,26.13,30
2021-03-15 20:13:00,26.13,26.14,26.13,26.135,33
2021-03-15 20:14:00,26.14,26.14,26.13,26.14,19
2021-03-15 20:15:00,26.135,26.15,26.125,26.145,22
2021-03-15 20:16:00,26.145,26.15,26.145,26.15,13
2021-03-15 20:17:00,26.145,26.145,26.14,26.145,19
2021-03-15 20:18:00,26.14,26.165,26.135,26.165,30
2021-03-15 20:19:00,26.17,26.17,26.135,26.14,77
2021-03-15 20:20:00,26.145,26.215,26.145,26.2,229
2021-03-15 20:21:00,26.205,26.22,26.185,26.19,77
2021-03-15 20:22:00,26.19,26.195,26.17,26.17,42
2021-03-15 20:23:00,26.165,26.185,26.165,26.185,52
2021-03-15 20:24:00,26.18,26.18,26.165,26.17,24
2021-03-15 20:25:00,26.17,26.175,26.15,26.165,69
2021-03-15 20:26:00,26.17,26.17,26.155,26.17,21
2021-03-15 20:27:00,26.165,26.165,26.135,26.145,57
2021-03-15 20:28:00,26.145,26.155,26.145,26.15,20
2021-03-15 20:29:00,26.145,26.155,26.14,26.145,43
2021-03-15 20:30:00,26.145,26.155,26.14,26.15,46
2021-03-15 20:31:00,26.145,26.145,26.125,26.13,50
2021-03-15 20:32:00,26.135,26.145,26.135,26.135,72
2021-03-15 20:33:00,26.14,26.15,26.13,26.145,47
2021-03-15 20:34:00,26.155,26.155,26.145,26.15,34
2021-03-15 20:35:00,26.15,26.16,26.145,26.16,40
2021-03-15 20:36:00,26.16,26.18,26.16,26.175,55
2021-03-15 20:37:00,26.185,26.195,26.18,26.19,52
2021-03-15 20:38:00,26.185,26.205,26.185,26.2,59
2021-03-15 20:39:00,26.195,26.2,26.185,26.19,68
2021-03-15 20:40:00,26.19,26.19,26.17,26.18,66
2021-03-15 20:41:00,26.18,26.195,26.165,26.195,63
2021-03-15 20:42:00,26.195,26.205,26.18,26.18,31
2021-03-15 20:43:00,26.19,26.195,26.175,26.19,27
2021-03-15 20:44:00,26.195,26.195,26.17,26.175,35
2021-03-15 20:45:00,26.185,26.19,26.18,26.185,28
2021-03-15 20:46:00,26.185,26.19,26.18,26.185,32
2021-03-15 20:47:00,26.185,26.185,26.165,26.165,72
2021-03-15 20:48:00,26.17,26.18,26.165,26.17,41
2021-03-15 20:49:00,26.16,26.165,26.15,26.16,33
2021-03-15 20:50:00,26.155,26.18,26.15,26.175,46
2021-03-15 20:51:00,26.175,26.19,26.175,26.19,20
2021-03-15 20:52:00,26.19,26.19,26.175,26.185,35
2021-03-15 20:53:00,26.19,26.225,26.19,26.225,49
2021-03-15 20:54:00,26.225,26.245,26.21,26.24,123
2021-03-15 20:55:00,26.245,26.285,26.235,26.265,285
2021-03-15 20:56:00,26.27,26.285,26.26,26.275,146
2021-03-15 20:57:00,26.275,26.295,26.265,26.27,135
2021-03-15 20:58:00,26.275,26.295,26.27,26.29,113
2021-03-15 20:59:00,26.285,26.285,26.255,26.255,57
2021-03-15 21:00:00,26.25,26.26,26.195,26.205,351
2021-03-15 21:01:00,26.2,26.23,26.175,26.18,181
2021-03-15 21:02:00,26.185,26.205,26.17,26.19,130
2021-03-15 21:03:00,26.185,26.205,26.18,26.2,75
2021-03-15 21:04:00,26.2,26.215,26.19,26.195,87
2021-03-15 21:05:00,26.205,26.21,26.195,26.205,30
2021-03-15 21:06:00,26.21,26.245,26.21,26.24,141
2021-03-15 21:07:00,26.24,26.24,26.22,26.225,61
2021-03-15 21:08:00,26.225,26.23,26.225,26.225,28
2021-03-15 21:09:00,26.22,26.24,26.22,26.225,62
2021-03-15 21:10:00,26.23,26.315,26.225,26.305,242
2021-03-15 21:11:00,26.305,26.375,26.3,26.37,516
2021-03-15 21:12:00,26.375,26.39,26.35,26.385,515
2021-03-15 21:13:00,26.38,26.385,26.345,26.345,202
2021-03-15 21:14:00,26.34,26.34,26.225,26.245,324
2021-03-15 21:15:00,26.25,26.25,26.205,26.22,261
2021-03-15 21:16:00,26.22,26.23,26.21,26.22,130
2021-03-15 21:17:00,26.22,26.24,26.21,26.225,112
2021-03-15 21:18:00,26.22,26.24,26.205,26.21,120
2021-03-15 21:19:00,26.205,26.23,26.205,26.225,64
2021-03-15 21:20:00,26.23,26.24,26.225,26.225,54
2021-03-15 21:21:00,26.23,26.24,26.215,26.22,156
2021-03-15 21:22:00,26.22,26.235,26.205,26.225,97
2021-03-15 21:23:00,26.23,26.235,26.205,26.205,57
2021-03-15 21:24:00,26.205,26.205,26.175,26.19,153
2021-03-15 21:25:00,26.19,26.22,26.19,26.22,96
2021-03-15 21:26:00,26.215,26.235,26.21,26.225,98
2021-03-15 21:27:00,26.23,26.24,26.21,26.215,31
2021-03-15 21:28:00,26.22,26.23,26.22,26.225,17
2021-03-15 21:29:00,26.225,26.24,26.22,26.24,57
2021-03-15 21:30:00,26.24,26.245,26.215,26.23,110
2021-03-15 21:31:00,26.225,26.265,26.195,26.26,116
2021-03-15 21:32:00,26.26,26.26,26.23,26.24,59
2021-03-15 21:33:00,26.24,26.255,26.22,26.24,83
2021-03-15 21:34:00,26.24,26.265,26.24,26.265,56
2021-03-15 21:35:00,26.26,26.295,26.26,26.295,189
2021-03-15 21:36:00,26.295,26.37,26.295,26.355,410
2021-03-15 21:37:00,26.355,26.36,26.315,26.32,181
2021-03-15 21:38:00,26.32,26.32,26.295,26.305,104
2021-03-15 21:39:00,26.305,26.32,26.28,26.285,138
2021-03-15 21:40:00,26.285,26.325,26.285,26.31,121
2021-03-15 21:41:00,26.305,26.305,26.255,26.295,164
2021-03-15 21:42:00,26.295,26.3,26.27,26.27,54
2021-03-15 21:43:00,26.265,26.3,26.26,26.29,146
2021-03-15 21:44:00,26.285,26.31,26.285,26.29,65
2021-03-15 21:45:00,26.29,26.305,26.285,26.295,73
2021-03-15 21:46:00,26.295,26.295,26.27,26.285,45
2021-03-15 21:47:00,26.28,26.305,26.28,26.305,44
2021-03-15 21:48:00,26.3,26.355,26.3,26.32,162
2021-03-15 21:49:00,26.325,26.33,26.29,26.32,95
2021-03-15 21:50:00,26.325,26.335,26.32,26.335,116
2021-03-15 21:51:00,26.33,26.345,26.32,26.33,95
2021-03-15 21:52:00,26.33,26.35,26.33,26.345,71
2021-03-15 21:53:00,26.345,26.35,26.315,26.32,65
2021-03-15 21:54:00,26.325,26.33,26.31,26.33,80
2021-03-15 21:55:00,26.325,26.35,26.32,26.345,77
2021-03-15 21:56:00,26.345,26.36,26.345,26.35,98
2021-03-15 21:57:00,26.345,26.37,26.325,26.365,127
2021-03-15 21:58:00,26.36,26.38,26.31,26.31,148
2021-03-15 21:59:00,26.305,26.345,26.29,26.33,100
2021-03-15 22:00:00,26.335,26.37,26.335,26.335,110
2021-03-15 22:01:00,26.335,26.34,26.31,26.32,109
2021-03-15 22:02:00,26.32,26.33,26.31,26.315,75
2021-03-15 22:03:00,26.315,26.34,26.31,26.335,120
2021-03-15 22:04:00,26.33,26.36,26.33,26.345,131
2021-03-15 22:05:00,26.345,26.345,26.325,26.335,99
2021-03-15 22:06:00,26.335,26.345,26.28,26.28,153
2021-03-15 22:07:00,26.285,26.3,26.275,26.3,128
2021-03-15 22:08:00,26.295,26.295,26.235,26.245,211
2021-03-15 22:09:00,26.245,26.275,26.24,26.275,115
2021-03-15 22:10:00,26.275,26.285,26.275,26.28,40
2021-03-15 22:11:00,26.28,26.285,26.275,26.285,92
2021-03-15 22:12:00,26.285,26.295,26.28,26.285,68
2021-03-15 22:13:00,26.29,26.31,26.29,26.305,81
2021-03-15 22:14:00,26.3,26.31,26.295,26.305,49
2021-03-15 22:15:00,26.305,26.32,26.27,26.285,146
2021-03-15 22:16:00,26.285,26.35,26.285,26.33,354
2021-03-15 22:17:00,26.33,26.335,26.31,26.315,85
2021-03-15 22:18:00,26.31,26.31,26.295,26.295,55
2021-03-15 22:19:00,26.305,26.32,26.295,26.315,86
2021-03-15 22:20:00,26.315,26.325,26.305,26.32,57
2021-03-15 22:21:00,26.32,26.32,26.275,26.275,68
2021-03-15 22:22:00,26.27,26.275,26.24,26.245,116
2021-03-15 22:23:00,26.245,26.255,26.225,26.245,135
2021-03-15 22:24:00,26.245,26.255,26.245,26.245,57
2021-03-15 22:25:00,26.245,26.26,26.245,26.25,66
2021-03-15 22:26:00,26.25,26.25,26.23,26.24,68
2021-03-15 22:27:00,26.235,26.265,26.235,26.255,56
2021-03-15 22:28:00,26.25,26.255,26.24,26.255,28
2021-03-15 22:29:00,26.255,26.255,26.215,26.235,77
2021-03-15 22:30:00,26.24,26.26,26.24,26.245,75
2021-03-15 22:31:00,26.25,26.25,26.155,26.175,445
2021-03-15 22:32:00,26.175,26.195,26.17,26.195,132
2021-03-15 22:33:00,26.19,26.2,26.18,26.19,64
2021-03-15 22:34:00,26.185,26.21,26.185,26.21,65
2021-03-15 22:35:00,26.205,26.225,26.19,26.22,62
2021-03-15 22:36:00,26.22,26.225,26.205,26.21,56
2021-03-15 22:37:00,26.205,26.205,26.17,26.175,83
2021-03-15 22:38:00,26.175,26.195,26.145,26.185,293
2021-03-15 22:39:00,26.185,26.195,26.16,26.165,107
2021-03-15 22:40:00,26.16,26.185,26.155,26.17,73
2021-03-15 22:41:00,26.17,26.185,26.155,26.18,63
2021-03-15 22:42:00,26.18,26.18,26.17,26.17,54
2021-03-15 22:43:00,26.17,26.195,26.17,26.17,81
2021-03-15 22:44:00,26.165,26.18,26.16,26.18,35
2021-03-15 22:45:00,26.19,26.195,26.16,26.175,64
2021-03-15 22:46:00,26.175,26.175,26.13,26.16,125
2021-03-15 22:47:00,26.15,26.175,26.14,26.175,73
2021-03-15 22:48:00,26.175,26.18,26.17,26.175,30
2021-03-15 22:49:00,26.165,26.19,26.155,26.16,44
2021-03-15 22:50:00,26.165,26.18,26.15,26.18,81
2021-03-15 22:51:00,26.175,26.19,26.175,26.185,86
2021-03-15 22:52:00,26.19,26.2,26.185,26.2,70
2021-03-15 22:53:00,26.195,26.205,26.185,26.185,65
2021-03-15 22:54:00,26.18,26.18,26.165,26.175,83
2021-03-15 22:55:00,26.17,26.185,26.16,26.185,59
2021-03-15 22:56:00,26.185,26.195,26.18,26.195,42
2021-03-15 22:57:00,26.2,26.215,26.165,26.17,104
2021-03-15 22:58:00,26.175,26.19,26.17,26.185,55
2021-03-15 22:59:00,26.185,26.19,26.16,26.16,65
2021-03-15 23:00:00,26.16,26.17,26.13,26.145,126
2021-03-15 23:01:00,26.145,26.16,26.14,26.16,72
2021-03-15 23:02:00,26.16,26.165,26.145,26.15,37
2021-03-15 23:03:00,26.155,26.185,26.15,26.185,80
2021-03-15 23:04:00,26.185,26.2,26.185,26.2,50
2021-03-15 23:05:00,26.2,26.21,26.195,26.21,48
2021-03-15 23:06:00,26.205,26.22,26.205,26.21,100
2021-03-15 23:07:00,26.21,26.21,26.205,26.205,41
2021-03-15 23:08:00,26.21,26.215,26.185,26.205,73
2021-03-15 23:09:00,26.21,26.21,26.195,26.205,44
2021-03-15 23:10:00,26.21,26.22,26.21,26.21,72
2021-03-15 23:11:00,26.21,26.225,26.21,26.22,68
2021-03-15 23:12:00,26.225,26.235,26.21,26.23,71
2021-03-15 23:13:00,26.235,26.24,26.225,26.23,85
2021-03-15 23:14:00,26.225,26.225,26.215,26.22,34
2021-03-15 23:15:00,26.22,26.225,26.21,26.215,35
2021-03-15 23:16:00,26.215,26.215,26.205,26.205,33
2021-03-15 23:17:00,26.205,26.21,26.2,26.205,15
2021-03-15 23:18:00,26.2,26.21,26.195,26.21,51
2021-03-15 23:19:00,26.21,26.23,26.21,26.22,26
2021-03-15 23:20:00,26.22,26.225,26.21,26.21,34
2021-03-15 23:21:00,26.215,26.22,26.205,26.205,35
2021-03-15 23:22:00,26.205,26.21,26.2,26.2,17
2021-03-15 23:23:00,26.2,26.205,26.195,26.2,22
2021-03-15 23:24:00,26.2,26.205,26.2,26.205,20
2021-03-15 23:25:00,26.205,26.22,26.205,26.21,25
2021-03-15 23:26:00,26.21,26.22,26.21,26.22,45
2021-03-15 23:27:00,26.22,26.225,26.205,26.21,56
2021-03-15 23:28:00,26.205,26.21,26.2,26.21,23
2021-03-15 23:29:00,26.205,26.215,26.2,26.205,37
2021-03-15 23:30:00,26.205,26.21,26.2,26.205,39
2021-03-15 23:31:00,26.2,26.215,26.2,26.2,64
2021-03-15 23:32:00,26.195,26.2,26.155,26.18,131
2021-03-15 23:33:00,26.18,26.18,26.17,26.18,29
2021-03-15 23:34:00,26.175,26.185,26.125,26.13,104
2021-03-15 23:35:00,26.13,26.155,26.09,26.1,450
2021-03-15 23:36:00,26.105,26.125,26.085,26.12,127
2021-03-15 23:37:00,26.12,26.12,26.095,26.095,53
2021-03-15 23:38:00,26.095,26.1,26.06,26.1,287
2021-03-15 23:39:00,26.1,26.12,26.1,26.115,40
2021-03-15 23:40:00,26.12,26.14,26.12,26.14,96
2021-03-15 23:41:00,26.14,26.165,26.14,26.155,113
2021-03-15 23:42:00,26.16,26.16,26.15,26.155,44
2021-03-15 23:43:00,26.155,26.155,26.14,26.15,66
2021-03-15 23:44:00,26.145,26.15,26.14,26.14,46
2021-03-15 23:45:00,26.135,26.14,26.115,26.12,64
2021-03-15 23:46:00,26.125,26.13,26.11,26.13,111
2021-03-15 23:47:00,26.13,26.145,26.125,26.13,52
2021-03-15 23:48:00,26.135,26.14,26.12,26.14,66
2021-03-15 23:49:00,26.14,26.14,26.125,26.135,37
2021-03-15 23:50:00,26.135,26.14,26.125,26.14,33
2021-03-15 23:51:00,26.14,26.14,26.13,26.13,14
2021-03-15 23:52:00,26.135,26.145,26.135,26.14,21
2021-03-15 23:53:00,26.14,26.165,26.14,26.165,36
2021-03-15 23:54:00,26.165,26.17,26.16,26.16,38
2021-03-15 23:55:00,26.165,26.185,26.165,26.185,53
2021-03-15 23:56:00,26.185,26.19,26.175,26.18,62
2021-03-15 23:57:00,26.185,26.19,26.18,26.19,106
2021-03-15 23:58:00,26.185,26.185,26.165,26.18,112
2021-03-15 23:59:00,26.18,26.185,26.16,26.165,78
